scenario,episodes,mean_reward,mean_loss,updates,context_mode,source_token_coverage
scenario_001,1,0.10471912047976539,0.04367665573954582,1,full,1.0
scenario_002,1,0.10418361058310859,0.19073836505413055,1,full,1.0
scenario_003,1,0.34370846693856383,0.3972902915556915,1,full,1.0
scenario_006,1,0.1761904761904762,0.060781076550483704,1,full,1.0
scenario_007,1,0.047522379981146924,0.05291606392711401,1,full,1.0
scenario_008,1,0.03128205128205128,0.025584759656339884,1,full,1.0
scenario_009,1,0.04394578970046271,-0.32006709836423397,1,full,1.0
scenario_010,1,0.16458683715500197,-0.07326877489686012,1,full,1.0
scenario_011,1,0.2230369042441959,-0.26587457582354546,1,full,1.0
scenario_013,1,0.1373189562086075,-0.05370817705988884,1,truncated,0.558173356602676
scenario_016,1,0.033472105404089764,-0.10255040228366852,1,truncated,0.6253300400306618
scenario_017,1,0.09226527880934239,-0.4114023707807064,1,full,1.0
scenario_019,1,0.06574603174603175,0.5198617354035378,1,full,1.0
scenario_020,1,0.16000861458551316,0.05084368214011192,1,full,1.0
scenario_021,1,0.10007932111544489,0.19762223958969116,1,full,1.0
scenario_022,1,0.10726659195573181,-0.3236074335873127,1,full,1.0
scenario_023,1,0.06349206349206349,-0.1273945802822709,1,full,1.0
scenario_024,1,0.11176242374238514,-0.08613338693976402,1,full,1.0
scenario_025,1,0.2573356231228336,0.002489939332008362,1,full,1.0
scenario_026,1,0.0756847875220144,-0.19526218622922897,1,full,1.0
scenario_027,1,0.1878185009811864,0.05887551046907902,1,full,1.0
scenario_031,1,0.21282953168475438,-0.16160758212208748,1,full,1.0
scenario_033,1,0.11671362184686922,-0.23354269238188863,1,full,1.0
scenario_034,1,0.022095238095238095,-0.07342089340090752,1,full,1.0
scenario_035,1,0.2494697838214913,-0.0734441876411438,1,full,1.0
scenario_037,1,0.0817287703620063,-0.05459663271903992,1,truncated,0.7544085595403209
scenario_038,1,0.07299997566685533,-0.040951507282443345,1,full,1.0
scenario_039,1,0.12121956442156409,-0.1718298455234617,1,full,1.0
scenario_040,1,0.09741317268052707,0.021132510155439377,1,truncated,0.613011182760591
scenario_041,1,0.13836886186767045,-0.06301024742424488,1,truncated,0.7528189910979228
scenario_042,1,0.05320946667803099,0.023409243673086166,1,truncated,0.7334786485683147
scenario_043,1,0.07419766899430272,-0.015669018030166626,1,truncated,0.815475550779151
scenario_044,1,0.04962222417195638,0.42735758796334267,1,truncated,0.8186354268358824
scenario_045,1,0.1142370503485461,-0.023983608931303024,1,truncated,0.7257462686567164
scenario_046,1,0.15357169276350863,-0.12765707075595856,1,full,1.0
scenario_047,1,0.14028386857774522,0.031123660504817963,1,full,1.0
scenario_048,1,0.11339792552138821,-0.039989215321838856,1,full,1.0
scenario_049,1,0.16714391549428304,-0.07358694169670343,1,full,1.0
scenario_050,1,0.1280369648857722,-0.018452798947691917,1,truncated,0.5582780963729799
scenario_051,1,0.1343828323303707,-0.13031844049692154,1,full,1.0
scenario_052,1,0.12741794326723793,0.14853534335270524,1,full,1.0
scenario_053,1,0.11428685968572443,0.12390648946166039,1,truncated,0.8702166897187644
scenario_054,1,0.09175757575757577,-0.018265284597873688,1,truncated,0.9632232960963977
scenario_056,1,0.12522792452857606,-0.04529094323515892,1,full,1.0
scenario_057,1,0.15224498768892308,0.2654891349375248,1,truncated,0.7391691394658754
scenario_058,1,0.14955555555555555,0.009283676743507385,1,full,1.0
scenario_059,1,0.19856178510756722,0.15144318342208862,1,full,1.0
scenario_060,1,0.05587462652297247,0.14486163854599,1,truncated,0.8683644595359367
scenario_061,1,0.1305111779492311,-0.5623111799359322,1,truncated,0.9074513526340768
scenario_062,1,0.054285714285714284,0.011904797982424498,1,full,1.0
scenario_063,1,0.12569747372279094,-0.1410338655114174,1,full,1.0
scenario_064,1,0.09639459546407064,-0.0012659123167395592,1,full,1.0
scenario_066,1,0.12868587186601427,-0.11760855466127396,1,truncated,0.9214791691679673
scenario_067,1,0.02857142857142857,-0.36217811703681946,1,truncated,0.6334474981204578
scenario_068,1,0.1993238608345153,-0.009806685149669647,1,full,1.0
scenario_069,1,0.10284332105848523,-0.15495213400572538,1,truncated,0.7985199082760058
scenario_071,1,0.08070944531758627,0.34211177565157413,1,truncated,0.9265374491505145
scenario_072,1,0.08556714693705242,-0.09208294749259949,1,truncated,0.8418756815703381
scenario_073,1,0.09177056428157923,0.1075035281246528,1,truncated,0.8765108323831243
scenario_074,1,0.10094790292164638,0.03520213137380779,1,full,1.0
scenario_075,1,0.16542242325676812,0.08879366144537926,1,full,1.0
scenario_077,1,0.3228586107215496,0.24608857557177544,1,full,1.0
scenario_078,1,0.1575798064291259,0.017712507396936417,1,full,1.0
scenario_079,1,0.09576951655130538,-0.2359112687408924,1,full,1.0
scenario_080,1,0.05255707474910852,-0.08482274785637856,1,full,1.0
scenario_081,1,0.07173760561509565,-0.06030222401022911,1,full,1.0
scenario_083,1,0.06635497835497836,-0.18141894601285458,1,truncated,0.8786672731407777
scenario_084,1,0.10312114216032482,-0.18844754807651043,1,full,1.0
scenario_085,1,0.08493290789165193,-0.29709113016724586,1,truncated,0.8262870598308895
scenario_086,1,0.18501705040594546,-0.014062425121665001,1,full,1.0
scenario_088,1,0.06701935893013364,0.06282796489540488,1,truncated,0.8177217915590008
scenario_090,1,0.15751236023840967,-0.06233036145567894,1,full,1.0
scenario_091,1,0.04670707070707071,-0.14973930083215237,1,truncated,0.6617798353909465
scenario_092,1,0.12874019367044626,0.08038299530744553,1,full,1.0
scenario_093,1,0.06912820512820514,0.043639011681079865,1,truncated,0.6211195508586526
scenario_094,1,0.14798718835437108,0.005930490791797638,1,full,1.0
scenario_096,1,0.06594307678464859,0.08456597104668617,1,truncated,0.8169795221843004
scenario_097,1,0.10552072144690014,-0.03443938307464123,1,truncated,0.6540913006029285
scenario_099,1,0.07706480173400906,-0.07410627603530884,1,full,1.0
scenario_100,1,0.05716144319564578,-0.06987210363149643,1,truncated,0.742383645926367
